{
  "urls": [
    "sound/pong_music.mp3"
  ],
  "sprite": {
    "applause": [
      0,
      2869.2063492063494
    ],
    "blue_team": [
      4000,
      1231.0204081632658
    ],
    "cheer": [
      7000,
      2034.2857142857138
    ],
    "choose_character": [
      11000,
      1357.2562358276646
    ],
    "chosen": [
      14000,
      792.0861678004538
    ],
    "crowd_upset": [
      16000,
      1285.7142857142846
    ],
    "game_end": [
      19000,
      613.446712018142
    ],
    "make_score": [
      21000,
      263.85487528344595
    ],
    "no_contest": [
      23000,
      1438.321995464854
    ],
    "player_cursor": [
      26000,
      115.96371882086132
    ],
    "ready": [
      28000,
      780.7709750566901
    ],
    "red_team": [
      30000,
      935.3287981859423
    ],
    "switch_serve": [
      32000,
      696.8707482993182
    ],
    "winner": [
      34000,
      1333.6281179138325
    ],
    "winner_screen": [
      37000,
      8100.000000000002
    ],
    "smash_theme": [
      47000,
      135288.16326530612,
      true
    ]
  }
}
